{
  "project_info": {
    "project_number": "151653857764",
    "project_id": "cabbiestaging",
    "storage_bucket": "cabbiestaging.firebasestorage.app"
  },
  "client": [
    {
      "client_info": {
        "mobilesdk_app_id": "1:151653857764:android:cb260ed19ff44219bf2ff1",
        "android_client_info": {
          "package_name": "com.cabbie.cabbieuser"
        }
      },
      "oauth_client": [
        {
          "client_id": "151653857764-6odnahls2q183detvgt53kk2f0rghf11.apps.googleusercontent.com",
          "client_type": 3
        }
      ],
      "api_key": [
        {
          "current_key": "AIzaSyAXfNEmbVWlrhkh37agHmyfb07YYAO4v34"
        }
      ],
      "services": {
        "appinvite_service": {
          "other_platform_oauth_client": [
            {
              "client_id": "151653857764-6odnahls2q183detvgt53kk2f0rghf11.apps.googleusercontent.com",
              "client_type": 3
            },
            {
              "client_id": "151653857764-h1km5svt63cot59olf78galdi128ao8s.apps.googleusercontent.com",
              "client_type": 2,
              "ios_info": {
                "bundle_id": "com.cabbie.cabbieuser"
              }
            }
          ]
        }
      }
    }
  ],
  "configuration_version": "1"
}