{"flutter":{"platforms":{"android":{"default":{"projectId":"cabbiestaging","appId":"1:151653857764:android:cb260ed19ff44219bf2ff1","fileOutput":"android/app/google-services.json"}},"dart":{"lib/firebase_options.dart":{"projectId":"cabbiestaging","configurations":{"android":"1:151653857764:android:cb260ed19ff44219bf2ff1","ios":"1:151653857764:ios:75000ff92ecd7814bf2ff1"}}},"ios":{"default":{"projectId":"cabbiestaging","appId":"1:151653857764:ios:75000ff92ecd7814bf2ff1","uploadDebugSymbols":false,"fileOutput":"ios/Runner/GoogleService-Info.plist"}}}}}