{"nm":"Untitled-1","ddd":0,"h":500,"w":500,"meta":{"g":"@lottiefiles/toolkit-js 0.33.2"},"layers":[{"ty":4,"nm":"Untitled-2 Outlines","sr":1,"st":0,"op":3000,"ip":0,"hd":false,"ddd":0,"bm":0,"hasMask":false,"ao":0,"ks":{"a":{"a":0,"k":[251,397.5,0],"ix":1},"s":{"a":0,"k":[100,100,100],"ix":6},"sk":{"a":0,"k":0},"p":{"a":0,"k":[250,249.5,0],"ix":2},"r":{"a":1,"k":[{"o":{"x":0.333,"y":0},"i":{"x":0.174,"y":1},"s":[0],"t":0},{"s":[360],"t":90}],"ix":10},"sa":{"a":0,"k":0},"o":{"a":0,"k":100,"ix":11}},"ef":[],"shapes":[{"ty":"gr","bm":0,"hd":false,"mn":"ADBE Vector Group","nm":"Group 1","ix":1,"cix":2,"np":2,"it":[{"ty":"sh","bm":0,"hd":false,"mn":"ADBE Vector Shape - Group","nm":"Path 1","ix":1,"d":1,"ks":{"a":0,"k":{"c":true,"i":[[-0.006,-0.495],[0,0],[0,0],[0.007,0.495],[0.495,-0.007],[0,0]],"o":[[0,0],[0,0],[0.494,-0.007],[-0.006,-0.494],[0,0],[-0.495,0.007]],"v":[[-1.344,0.015],[-1.331,0.911],[0.46,0.886],[1.343,-0.021],[0.435,-0.905],[-0.46,-0.893]]},"ix":2}},{"ty":"fl","bm":0,"hd":false,"mn":"ADBE Vector Graphic - Fill","nm":"Fill 1","c":{"a":0,"k":[0.149,0.2235,0.5686],"ix":4},"r":1,"o":{"a":0,"k":100,"ix":5}},{"ty":"tr","a":{"a":0,"k":[0,0],"ix":1},"s":{"a":0,"k":[100,100],"ix":3},"sk":{"a":0,"k":0,"ix":4},"p":{"a":0,"k":[225.306,249.338],"ix":2},"r":{"a":0,"k":0,"ix":6},"sa":{"a":0,"k":0,"ix":5},"o":{"a":0,"k":100,"ix":7}}]},{"ty":"gr","bm":0,"hd":false,"mn":"ADBE Vector Group","nm":"Group 2","ix":2,"cix":2,"np":2,"it":[{"ty":"sh","bm":0,"hd":false,"mn":"ADBE Vector Shape - Group","nm":"Path 1","ix":1,"d":1,"ks":{"a":0,"k":{"c":true,"i":[[0,0],[0.262,0.191],[0,0],[-0.247,-0.288],[0,0],[-0.531,0.008],[0,0]],"o":[[-0.218,-0.248],[0,0],[-0.379,0.005],[0,0],[0.346,0.403],[0,0],[0,0]],"v":[[-0.666,-2.013],[-1.389,-2.671],[-2.851,-2.651],[-3.185,-1.912],[0.199,2.038],[1.584,2.663],[3.432,2.638]]},"ix":2}},{"ty":"fl","bm":0,"hd":false,"mn":"ADBE Vector Graphic - Fill","nm":"Fill 1","c":{"a":0,"k":[0.0706,0.0745,0.0588],"ix":4},"r":1,"o":{"a":0,"k":100,"ix":5}},{"ty":"tr","a":{"a":0,"k":[0,0],"ix":1},"s":{"a":0,"k":[100,100],"ix":3},"sk":{"a":0,"k":0,"ix":4},"p":{"a":0,"k":[255.425,243.551],"ix":2},"r":{"a":0,"k":0,"ix":6},"sa":{"a":0,"k":0,"ix":5},"o":{"a":0,"k":100,"ix":7}}]},{"ty":"gr","bm":0,"hd":false,"mn":"ADBE Vector Group","nm":"Group 3","ix":3,"cix":2,"np":2,"it":[{"ty":"sh","bm":0,"hd":false,"mn":"ADBE Vector Shape - Group","nm":"Path 1","ix":1,"d":1,"ks":{"a":0,"k":{"c":true,"i":[[0.525,0.457],[0,0],[-0.007,-0.495],[-0.494,0.007],[0,0]],"o":[[0,0],[-0.495,0.007],[0.007,0.495],[0,0],[-0.087,-0.695]],"v":[[0.388,-0.905],[-0.442,-0.894],[-1.326,0.014],[-0.418,0.897],[1.333,0.874]]},"ix":2}},{"ty":"fl","bm":0,"hd":false,"mn":"ADBE Vector Graphic - Fill","nm":"Fill 1","c":{"a":0,"k":[0.9294,0.9294,0.9333],"ix":4},"r":1,"o":{"a":0,"k":100,"ix":5}},{"ty":"tr","a":{"a":0,"k":[0,0],"ix":1},"s":{"a":0,"k":[100,100],"ix":3},"sk":{"a":0,"k":0,"ix":4},"p":{"a":0,"k":[273.667,249.573],"ix":2},"r":{"a":0,"k":0,"ix":6},"sa":{"a":0,"k":0,"ix":5},"o":{"a":0,"k":100,"ix":7}}]},{"ty":"gr","bm":0,"hd":false,"mn":"ADBE Vector Group","nm":"Group 4","ix":4,"cix":2,"np":2,"it":[{"ty":"sh","bm":0,"hd":false,"mn":"ADBE Vector Shape - Group","nm":"Path 1","ix":1,"d":1,"ks":{"a":0,"k":{"c":true,"i":[[0,0],[0,0],[0,0],[0,0]],"o":[[0,0],[0,0],[0,0],[0,0]],"v":[[0.933,2.674],[-1.755,2.711],[-0.036,-2.688],[1.755,-2.711]]},"ix":2}},{"ty":"fl","bm":0,"hd":false,"mn":"ADBE Vector Graphic - Fill","nm":"Fill 1","c":{"a":0,"k":[0.0706,0.0745,0.0588],"ix":4},"r":1,"o":{"a":0,"k":100,"ix":5}},{"ty":"tr","a":{"a":0,"k":[0,0],"ix":1},"s":{"a":0,"k":[100,100],"ix":3},"sk":{"a":0,"k":0,"ix":4},"p":{"a":0,"k":[241.802,243.735],"ix":2},"r":{"a":0,"k":0,"ix":6},"sa":{"a":0,"k":0,"ix":5},"o":{"a":0,"k":100,"ix":7}}]},{"ty":"gr","bm":0,"hd":false,"mn":"ADBE Vector Group","nm":"Group 5","ix":5,"cix":2,"np":2,"it":[{"ty":"sh","bm":0,"hd":false,"mn":"ADBE Vector Shape - Group","nm":"Path 1","ix":1,"d":1,"ks":{"a":0,"k":{"c":true,"i":[[0,0],[0.531,-0.007],[0,0],[0.332,-0.34],[0,0],[-0.005,-0.336],[-0.699,0.01],[0,0],[0.246,0.289]],"o":[[-0.346,-0.404],[0,0],[-0.475,0.007],[0,0],[-0.235,0.241],[0.009,0.7],[0,0],[0.379,-0.005],[0,0]],"v":[[5.15,-2.14],[3.765,-2.766],[-4.507,-2.653],[-5.767,-2.111],[-8.416,0.613],[-8.775,1.514],[-7.492,2.763],[8.2,2.548],[8.534,1.809]]},"ix":2}},{"ty":"fl","bm":0,"hd":false,"mn":"ADBE Vector Graphic - Fill","nm":"Fill 1","c":{"a":0,"k":[0.0706,0.0745,0.0588],"ix":4},"r":1,"o":{"a":0,"k":100,"ix":5}},{"ty":"tr","a":{"a":0,"k":[0,0],"ix":1},"s":{"a":0,"k":[100,100],"ix":3},"sk":{"a":0,"k":0,"ix":4},"p":{"a":0,"k":[245.223,243.714],"ix":2},"r":{"a":0,"k":0,"ix":6},"sa":{"a":0,"k":0,"ix":5},"o":{"a":0,"k":100,"ix":7}}]},{"ty":"gr","bm":0,"hd":false,"mn":"ADBE Vector Group","nm":"Group 6","ix":6,"cix":2,"np":2,"it":[{"ty":"sh","bm":0,"hd":false,"mn":"ADBE Vector Shape - Group","nm":"Path 1","ix":1,"d":1,"ks":{"a":0,"k":{"c":true,"i":[[0,0],[0,0],[-1.283,0.017],[0,0],[-0.864,-0.981],[0,0],[0,0],[0.781,0.119]],"o":[[0,0],[0.963,-0.848],[0,0],[1.308,-0.018],[0,0],[0,0],[-0.789,0.011],[0,0]],"v":[[-13.889,2.426],[-9.185,-1.719],[-5.705,-3.06],[6.369,-3.225],[9.791,-1.708],[13.889,2.943],[-7.317,3.233],[-9.676,3.07]]},"ix":2}},{"ty":"fl","bm":0,"hd":false,"mn":"ADBE Vector Graphic - Fill","nm":"Fill 1","c":{"a":0,"k":[0.149,0.2235,0.5686],"ix":4},"r":1,"o":{"a":0,"k":100,"ix":5}},{"ty":"tr","a":{"a":0,"k":[0,0],"ix":1},"s":{"a":0,"k":[100,100],"ix":3},"sk":{"a":0,"k":0,"ix":4},"p":{"a":0,"k":[244.968,243.246],"ix":2},"r":{"a":0,"k":0,"ix":6},"sa":{"a":0,"k":0,"ix":5},"o":{"a":0,"k":100,"ix":7}}]},{"ty":"gr","bm":0,"hd":false,"mn":"ADBE Vector Group","nm":"Group 7","ix":7,"cix":2,"np":2,"it":[{"ty":"sh","bm":0,"hd":false,"mn":"ADBE Vector Shape - Group","nm":"Path 1","ix":1,"d":1,"ks":{"a":0,"k":{"c":true,"i":[[0.495,-0.007],[0,0],[0.007,0.495],[-0.495,0.006],[0,0],[-0.007,-0.495]],"o":[[0,0],[-0.494,0.007],[-0.007,-0.494],[0,0],[0.495,-0.007],[0.007,0.494]],"v":[[0.46,0.889],[-0.436,0.902],[-1.344,0.018],[-0.46,-0.889],[0.436,-0.902],[1.344,-0.018]]},"ix":2}},{"ty":"fl","bm":0,"hd":false,"mn":"ADBE Vector Graphic - Fill","nm":"Fill 1","c":{"a":0,"k":[0.149,0.2235,0.5686],"ix":4},"r":1,"o":{"a":0,"k":100,"ix":5}},{"ty":"tr","a":{"a":0,"k":[0,0],"ix":1},"s":{"a":0,"k":[100,100],"ix":3},"sk":{"a":0,"k":0,"ix":4},"p":{"a":0,"k":[274.617,252.244],"ix":2},"r":{"a":0,"k":0,"ix":6},"sa":{"a":0,"k":0,"ix":5},"o":{"a":0,"k":100,"ix":7}}]},{"ty":"gr","bm":0,"hd":false,"mn":"ADBE Vector Group","nm":"Group 8","ix":8,"cix":2,"np":2,"it":[{"ty":"sh","bm":0,"hd":false,"mn":"ADBE Vector Shape - Group","nm":"Path 1","ix":1,"d":1,"ks":{"a":0,"k":{"c":true,"i":[[0.495,-0.007],[0,0],[0.007,0.494],[-0.495,0.007],[0,0],[-0.007,-0.495]],"o":[[0,0],[-0.495,0.007],[-0.007,-0.495],[0,0],[0.495,-0.007],[0.007,0.495]],"v":[[9.417,0.767],[-9.393,1.024],[-10.301,0.141],[-9.417,-0.767],[9.392,-1.025],[10.3,-0.141]]},"ix":2}},{"ty":"fl","bm":0,"hd":false,"mn":"ADBE Vector Graphic - Fill","nm":"Fill 1","c":{"a":0,"k":[0.149,0.2235,0.5686],"ix":4},"r":1,"o":{"a":0,"k":100,"ix":5}},{"ty":"tr","a":{"a":0,"k":[0,0],"ix":1},"s":{"a":0,"k":[100,100],"ix":3},"sk":{"a":0,"k":0,"ix":4},"p":{"a":0,"k":[250.434,252.574],"ix":2},"r":{"a":0,"k":0,"ix":6},"sa":{"a":0,"k":0,"ix":5},"o":{"a":0,"k":100,"ix":7}}]},{"ty":"gr","bm":0,"hd":false,"mn":"ADBE Vector Group","nm":"Group 9","ix":9,"cix":2,"np":2,"it":[{"ty":"sh","bm":0,"hd":false,"mn":"ADBE Vector Shape - Group","nm":"Path 1","ix":1,"d":1,"ks":{"a":0,"k":{"c":true,"i":[[-0.989,0.014],[-0.014,-0.99],[0.989,-0.014],[0.014,0.99]],"o":[[0.989,-0.014],[0.013,0.99],[-0.989,0.014],[-0.013,-0.989]],"v":[[-0.024,-1.792],[1.792,-0.024],[0.025,1.791],[-1.792,0.025]]},"ix":2}},{"ty":"fl","bm":0,"hd":false,"mn":"ADBE Vector Graphic - Fill","nm":"Fill 1","c":{"a":0,"k":[0.851,0.851,0.851],"ix":4},"r":1,"o":{"a":0,"k":100,"ix":5}},{"ty":"tr","a":{"a":0,"k":[0,0],"ix":1},"s":{"a":0,"k":[100,100],"ix":3},"sk":{"a":0,"k":0,"ix":4},"p":{"a":0,"k":[233.004,255.501],"ix":2},"r":{"a":0,"k":0,"ix":6},"sa":{"a":0,"k":0,"ix":5},"o":{"a":0,"k":100,"ix":7}}]},{"ty":"gr","bm":0,"hd":false,"mn":"ADBE Vector Group","nm":"Group 10","ix":10,"cix":2,"np":4,"it":[{"ty":"sh","bm":0,"hd":false,"mn":"ADBE Vector Shape - Group","nm":"Path 1","ix":1,"d":1,"ks":{"a":0,"k":{"c":true,"i":[[1.976,-0.027],[-0.027,-1.976],[-1.975,0.027],[0.027,1.976]],"o":[[-1.976,0.027],[0.028,1.975],[1.976,-0.026],[-0.027,-1.976]],"v":[[-0.049,-3.583],[-3.584,0.049],[0.048,3.582],[3.582,-0.049]]},"ix":2}},{"ty":"sh","bm":0,"hd":false,"mn":"ADBE Vector Shape - Group","nm":"Path 2","ix":2,"d":1,"ks":{"a":0,"k":{"c":true,"i":[[2.963,-0.041],[0.041,2.964],[-2.964,0.041],[-0.04,-2.963]],"o":[[-2.964,0.04],[-0.04,-2.964],[2.963,-0.04],[0.041,2.964]],"v":[[0.073,5.374],[-5.375,0.073],[-0.074,-5.375],[5.373,-0.074]]},"ix":2}},{"ty":"mm","bm":0,"hd":false,"mn":"ADBE Vector Filter - Merge","nm":"Merge Paths 1","mm":1},{"ty":"fl","bm":0,"hd":false,"mn":"ADBE Vector Graphic - Fill","nm":"Fill 1","c":{"a":0,"k":[0.0706,0.0745,0.0588],"ix":4},"r":1,"o":{"a":0,"k":100,"ix":5}},{"ty":"tr","a":{"a":0,"k":[0,0],"ix":1},"s":{"a":0,"k":[100,100],"ix":3},"sk":{"a":0,"k":0,"ix":4},"p":{"a":0,"k":[233.005,255.501],"ix":2},"r":{"a":0,"k":0,"ix":6},"sa":{"a":0,"k":0,"ix":5},"o":{"a":0,"k":100,"ix":7}}]},{"ty":"gr","bm":0,"hd":false,"mn":"ADBE Vector Group","nm":"Group 11","ix":11,"cix":2,"np":2,"it":[{"ty":"sh","bm":0,"hd":false,"mn":"ADBE Vector Shape - Group","nm":"Path 1","ix":1,"d":1,"ks":{"a":0,"k":{"c":true,"i":[[-2.473,0.033],[-0.034,-2.474],[2.473,-0.033],[0.034,2.474]],"o":[[2.474,-0.034],[0.034,2.473],[-2.474,0.034],[-0.034,-2.473]],"v":[[-0.061,-4.478],[4.479,-0.061],[0.061,4.478],[-4.479,0.061]]},"ix":2}},{"ty":"fl","bm":0,"hd":false,"mn":"ADBE Vector Graphic - Fill","nm":"Fill 1","c":{"a":0,"k":[0.9294,0.9294,0.9333],"ix":4},"r":1,"o":{"a":0,"k":100,"ix":5}},{"ty":"tr","a":{"a":0,"k":[0,0],"ix":1},"s":{"a":0,"k":[100,100],"ix":3},"sk":{"a":0,"k":0,"ix":4},"p":{"a":0,"k":[233.004,255.501],"ix":2},"r":{"a":0,"k":0,"ix":6},"sa":{"a":0,"k":0,"ix":5},"o":{"a":0,"k":100,"ix":7}}]},{"ty":"gr","bm":0,"hd":false,"mn":"ADBE Vector Group","nm":"Group 12","ix":12,"cix":2,"np":2,"it":[{"ty":"sh","bm":0,"hd":false,"mn":"ADBE Vector Shape - Group","nm":"Path 1","ix":1,"d":1,"ks":{"a":0,"k":{"c":true,"i":[[-0.989,0.014],[-0.013,-0.99],[0.989,-0.014],[0.014,0.991]],"o":[[0.989,-0.014],[0.013,0.989],[-0.989,0.014],[-0.013,-0.989]],"v":[[-0.024,-1.792],[1.792,-0.024],[0.025,1.792],[-1.792,0.023]]},"ix":2}},{"ty":"fl","bm":0,"hd":false,"mn":"ADBE Vector Graphic - Fill","nm":"Fill 1","c":{"a":0,"k":[0.851,0.851,0.851],"ix":4},"r":1,"o":{"a":0,"k":100,"ix":5}},{"ty":"tr","a":{"a":0,"k":[0,0],"ix":1},"s":{"a":0,"k":[100,100],"ix":3},"sk":{"a":0,"k":0,"ix":4},"p":{"a":0,"k":[267.04,255.035],"ix":2},"r":{"a":0,"k":0,"ix":6},"sa":{"a":0,"k":0,"ix":5},"o":{"a":0,"k":100,"ix":7}}]},{"ty":"gr","bm":0,"hd":false,"mn":"ADBE Vector Group","nm":"Group 13","ix":13,"cix":2,"np":4,"it":[{"ty":"sh","bm":0,"hd":false,"mn":"ADBE Vector Shape - Group","nm":"Path 1","ix":1,"d":1,"ks":{"a":0,"k":{"c":true,"i":[[1.977,-0.027],[-0.028,-1.976],[-1.976,0.027],[0.027,1.977]],"o":[[-1.976,0.027],[0.027,1.975],[1.975,-0.026],[-0.027,-1.975]],"v":[[-0.049,-3.583],[-3.583,0.049],[0.049,3.583],[3.582,-0.049]]},"ix":2}},{"ty":"sh","bm":0,"hd":false,"mn":"ADBE Vector Shape - Group","nm":"Path 2","ix":2,"d":1,"ks":{"a":0,"k":{"c":true,"i":[[2.964,-0.041],[0.04,2.964],[-2.963,0.041],[-0.041,-2.963]],"o":[[-2.964,0.04],[-0.041,-2.964],[2.963,-0.04],[0.04,2.964]],"v":[[0.073,5.375],[-5.374,0.074],[-0.074,-5.374],[5.374,-0.074]]},"ix":2}},{"ty":"mm","bm":0,"hd":false,"mn":"ADBE Vector Filter - Merge","nm":"Merge Paths 1","mm":1},{"ty":"fl","bm":0,"hd":false,"mn":"ADBE Vector Graphic - Fill","nm":"Fill 1","c":{"a":0,"k":[0.0706,0.0745,0.0588],"ix":4},"r":1,"o":{"a":0,"k":100,"ix":5}},{"ty":"tr","a":{"a":0,"k":[0,0],"ix":1},"s":{"a":0,"k":[100,100],"ix":3},"sk":{"a":0,"k":0,"ix":4},"p":{"a":0,"k":[267.041,255.035],"ix":2},"r":{"a":0,"k":0,"ix":6},"sa":{"a":0,"k":0,"ix":5},"o":{"a":0,"k":100,"ix":7}}]},{"ty":"gr","bm":0,"hd":false,"mn":"ADBE Vector Group","nm":"Group 14","ix":14,"cix":2,"np":2,"it":[{"ty":"sh","bm":0,"hd":false,"mn":"ADBE Vector Shape - Group","nm":"Path 1","ix":1,"d":1,"ks":{"a":0,"k":{"c":true,"i":[[-2.473,0.034],[-0.034,-2.473],[2.474,-0.034],[0.034,2.473]],"o":[[2.474,-0.034],[0.034,2.473],[-2.474,0.034],[-0.033,-2.474]],"v":[[-0.062,-4.479],[4.478,-0.061],[0.061,4.478],[-4.479,0.062]]},"ix":2}},{"ty":"fl","bm":0,"hd":false,"mn":"ADBE Vector Graphic - Fill","nm":"Fill 1","c":{"a":0,"k":[0.9294,0.9294,0.9333],"ix":4},"r":1,"o":{"a":0,"k":100,"ix":5}},{"ty":"tr","a":{"a":0,"k":[0,0],"ix":1},"s":{"a":0,"k":[100,100],"ix":3},"sk":{"a":0,"k":0,"ix":4},"p":{"a":0,"k":[267.04,255.035],"ix":2},"r":{"a":0,"k":0,"ix":6},"sa":{"a":0,"k":0,"ix":5},"o":{"a":0,"k":100,"ix":7}}]},{"ty":"gr","bm":0,"hd":false,"mn":"ADBE Vector Group","nm":"Group 15","ix":15,"cix":2,"np":2,"it":[{"ty":"sh","bm":0,"hd":false,"mn":"ADBE Vector Shape - Group","nm":"Path 1","ix":1,"d":1,"ks":{"a":0,"k":{"c":true,"i":[[0.495,-0.007],[0,0],[0,0],[0.101,-0.485],[-0.484,-0.101],[0,0],[-0.065,0.001],[0,0],[0.007,0.495]],"o":[[0,0],[0,0],[-0.48,-0.099],[-0.1,0.485],[0,0],[0.064,0.013],[0,0],[0.496,-0.007],[-0.007,-0.494]],"v":[[25.117,-0.592],[-16.882,-0.018],[-24.871,-1.678],[-25.931,-0.984],[-25.236,0.077],[-17.15,1.757],[-16.956,1.775],[25.141,1.2],[26.025,0.292]]},"ix":2}},{"ty":"fl","bm":0,"hd":false,"mn":"ADBE Vector Graphic - Fill","nm":"Fill 1","c":{"a":0,"k":[0.149,0.2235,0.5686],"ix":4},"r":1,"o":{"a":0,"k":100,"ix":5}},{"ty":"tr","a":{"a":0,"k":[0,0],"ix":1},"s":{"a":0,"k":[100,100],"ix":3},"sk":{"a":0,"k":0,"ix":4},"p":{"a":0,"k":[249.985,255.516],"ix":2},"r":{"a":0,"k":0,"ix":6},"sa":{"a":0,"k":0,"ix":5},"o":{"a":0,"k":100,"ix":7}}]},{"ty":"gr","bm":0,"hd":false,"mn":"ADBE Vector Group","nm":"Group 16","ix":16,"cix":2,"np":2,"it":[{"ty":"sh","bm":0,"hd":false,"mn":"ADBE Vector Shape - Group","nm":"Path 1","ix":1,"d":1,"ks":{"a":0,"k":{"c":true,"i":[[0,0],[12.539,-0.171],[0,0],[-0.006,-0.495],[0,0],[0,0],[0,0]],"o":[[-0.024,-1.792],[0,0],[-0.495,0.007],[0,0],[0,0],[0,0],[0,0]],"v":[[25.512,-1.147],[10.236,-4.522],[-24.695,-4.043],[-25.579,-3.135],[-25.505,2.239],[-8.451,4.693],[25.585,4.227]]},"ix":2}},{"ty":"fl","bm":0,"hd":false,"mn":"ADBE Vector Graphic - Fill","nm":"Fill 1","c":{"a":0,"k":[0.149,0.2235,0.5686],"ix":4},"r":1,"o":{"a":0,"k":100,"ix":5}},{"ty":"tr","a":{"a":0,"k":[0,0],"ix":1},"s":{"a":0,"k":[100,100],"ix":3},"sk":{"a":0,"k":0,"ix":4},"p":{"a":0,"k":[249.541,252.489],"ix":2},"r":{"a":0,"k":0,"ix":6},"sa":{"a":0,"k":0,"ix":5},"o":{"a":0,"k":100,"ix":7}}]},{"ty":"gr","bm":0,"hd":false,"mn":"ADBE Vector Group","nm":"Group 17","ix":17,"cix":2,"np":2,"it":[{"ty":"sh","bm":0,"hd":false,"mn":"ADBE Vector Shape - Group","nm":"Path 1","ix":1,"d":1,"ks":{"a":0,"k":{"c":true,"i":[[0.851,0.508],[7.636,-0.104],[0,0],[1.307,-0.019],[0,0],[0.963,-0.848],[0,0],[0,0],[0.167,-0.709],[0,0],[0,0],[0,0],[0,0]],"o":[[-1.701,-1.016],[0,0],[-0.864,-0.981],[0,0],[-1.283,0.017],[0,0],[0,0],[-0.72,0.113],[0,0],[0,0],[0,0],[0,0],[-0.014,-0.99]],"v":[[24.11,0.185],[9.313,-1.98],[5.214,-6.63],[1.793,-8.147],[-10.282,-7.983],[-13.762,-6.642],[-18.466,-2.496],[-23.533,-1.701],[-24.999,-0.342],[-25.57,2.081],[-12.049,8.167],[25.57,7.651],[25.501,2.589]]},"ix":2}},{"ty":"fl","bm":0,"hd":false,"mn":"ADBE Vector Graphic - Fill","nm":"Fill 1","c":{"a":0,"k":[0.149,0.2235,0.5686],"ix":4},"r":1,"o":{"a":0,"k":100,"ix":5}},{"ty":"tr","a":{"a":0,"k":[0,0],"ix":1},"s":{"a":0,"k":[100,100],"ix":3},"sk":{"a":0,"k":0,"ix":4},"p":{"a":0,"k":[249.544,248.169],"ix":2},"r":{"a":0,"k":0,"ix":6},"sa":{"a":0,"k":0,"ix":5},"o":{"a":0,"k":100,"ix":7}}]}],"ind":1},{"ty":4,"nm":"Untitled-1 Outlines","sr":1,"st":0,"op":3000,"ip":0,"hd":false,"ddd":0,"bm":0,"hasMask":false,"ao":0,"ks":{"a":{"a":0,"k":[250,250,0],"ix":1},"s":{"a":0,"k":[100,100,100],"ix":6},"sk":{"a":0,"k":0},"p":{"a":0,"k":[250,250,0],"ix":2},"r":{"a":0,"k":0,"ix":10},"sa":{"a":0,"k":0},"o":{"a":0,"k":100,"ix":11}},"ef":[],"shapes":[{"ty":"gr","bm":0,"hd":false,"mn":"ADBE Vector Group","nm":"Group 1","ix":1,"cix":2,"np":38,"it":[{"ty":"sh","bm":0,"hd":false,"mn":"ADBE Vector Shape - Group","nm":"Path 1","ix":1,"d":1,"ks":{"a":0,"k":{"c":true,"i":[[0.799,0],[0.022,0.001],[3.839,-0.155],[0,0],[0.032,0.828],[-0.828,0.032],[0,0],[-3.926,-0.169],[0.036,-0.827]],"o":[[-0.021,0],[-3.845,-0.167],[0,0],[-0.828,0.014],[-0.033,-0.828],[0,0],[3.939,-0.16],[0.828,0.037],[-0.035,0.806]],"v":[[6.139,-135.04],[6.073,-135.041],[-5.502,-135.058],[-5.726,-135.048],[-7.284,-136.488],[-5.844,-138.046],[-5.632,-138.055],[6.203,-138.039],[7.637,-136.475]]},"ix":2}},{"ty":"sh","bm":0,"hd":false,"mn":"ADBE Vector Shape - Group","nm":"Path 2","ix":2,"d":1,"ks":{"a":0,"k":{"c":true,"i":[[0.106,0],[0.154,0.701],[-0.809,0.177],[-3.975,0.514],[-0.106,-0.821],[0.821,-0.107],[3.819,-0.836]],"o":[[-0.69,0],[-0.177,-0.809],[3.904,-0.855],[0.829,-0.101],[0.106,0.822],[-3.889,0.502],[-0.108,0.024]],"v":[[-29.409,-131.992],[-30.873,-133.171],[-29.729,-134.957],[-17.856,-137.02],[-16.175,-135.725],[-17.471,-134.044],[-29.087,-132.027]]},"ix":2}},{"ty":"sh","bm":0,"hd":false,"mn":"ADBE Vector Shape - Group","nm":"Path 3","ix":3,"d":1,"ks":{"a":0,"k":{"c":true,"i":[[0.688,0],[0.109,0.025],[3.887,0.512],[-0.109,0.821],[-0.816,-0.105],[-3.901,-0.867],[0.181,-0.808]],"o":[[-0.107,0],[-3.816,-0.848],[-0.822,-0.109],[0.108,-0.822],[3.974,0.524],[0.809,0.18],[-0.155,0.699]],"v":[[29.753,-131.927],[29.427,-131.963],[17.817,-134.013],[16.526,-135.696],[18.209,-136.988],[30.077,-134.892],[31.216,-133.102]]},"ix":2}},{"ty":"sh","bm":0,"hd":false,"mn":"ADBE Vector Shape - Group","nm":"Path 4","ix":4,"d":1,"ks":{"a":0,"k":{"c":true,"i":[[0.191,0],[0.239,0.578],[-0.765,0.316],[-3.822,1.197],[-0.248,-0.791],[0.79,-0.248],[3.618,-1.493]],"o":[[-0.589,0],[-0.316,-0.766],[3.699,-1.527],[0.79,-0.247],[0.248,0.79],[-3.739,1.17],[-0.187,0.077]],"v":[[-52.14,-124.874],[-53.527,-125.802],[-52.713,-127.761],[-41.379,-131.865],[-39.499,-130.881],[-40.482,-129.001],[-51.568,-124.988]]},"ix":2}},{"ty":"sh","bm":0,"hd":false,"mn":"ADBE Vector Shape - Group","nm":"Path 5","ix":5,"d":1,"ks":{"a":0,"k":{"c":true,"i":[[0.588,0],[0.188,0.079],[3.732,1.181],[-0.25,0.79],[-0.798,-0.249],[-3.698,-1.54],[0.318,-0.765]],"o":[[-0.191,0],[-3.618,-1.507],[-0.789,-0.25],[0.249,-0.789],[3.815,1.208],[0.766,0.319],[-0.24,0.576]],"v":[[52.464,-124.734],[51.889,-124.85],[40.812,-128.901],[39.835,-130.784],[41.718,-131.761],[53.041,-127.62],[53.85,-125.658]]},"ix":2}},{"ty":"sh","bm":0,"hd":false,"mn":"ADBE Vector Shape - Group","nm":"Path 6","ix":6,"d":1,"ks":{"a":0,"k":{"c":true,"i":[[0.275,0],[0.286,0.449],[-0.698,0.445],[-3.549,1.843],[-0.381,-0.734],[0.736,-0.381],[3.306,-2.104]],"o":[[-0.496,0],[-0.445,-0.698],[3.38,-2.15],[0.736,-0.381],[0.382,0.735],[-3.471,1.803],[-0.25,0.158]],"v":[[-73.273,-113.897],[-74.54,-114.592],[-74.08,-116.663],[-63.638,-122.681],[-61.616,-122.041],[-62.256,-120.019],[-72.469,-114.131]]},"ix":2}},{"ty":"sh","bm":0,"hd":false,"mn":"ADBE Vector Shape - Group","nm":"Path 7","ix":7,"d":1,"ks":{"a":0,"k":{"c":true,"i":[[0.495,0],[0.25,0.16],[3.47,1.816],[-0.384,0.734],[-0.731,-0.384],[-3.371,-2.157],[0.446,-0.698]],"o":[[-0.277,0],[-3.298,-2.111],[-0.735,-0.384],[0.384,-0.734],[3.548,1.857],[0.697,0.447],[-0.286,0.447]],"v":[[73.579,-113.69],[72.772,-113.927],[62.571,-119.845],[61.937,-121.869],[63.961,-122.503],[74.389,-116.454],[74.844,-114.382]]},"ix":2}},{"ty":"sh","bm":0,"hd":false,"mn":"ADBE Vector Shape - Group","nm":"Path 8","ix":8,"d":1,"ks":{"a":0,"k":{"c":true,"i":[[0.361,0],[0.296,0.324],[-0.611,0.559],[-3.176,2.434],[-0.504,-0.658],[0.657,-0.504],[2.891,-2.643]],"o":[[-0.407,0],[-0.559,-0.611],[2.955,-2.702],[0.658,-0.503],[0.504,0.657],[-3.108,2.381],[-0.287,0.263]],"v":[[-92.184,-99.41],[-93.292,-99.898],[-93.197,-102.017],[-83.957,-109.757],[-81.854,-109.478],[-82.132,-107.375],[-91.173,-99.803]]},"ix":2}},{"ty":"sh","bm":0,"hd":false,"mn":"ADBE Vector Shape - Group","nm":"Path 9","ix":9,"d":1,"ks":{"a":0,"k":{"c":true,"i":[[0.406,0],[0.288,0.264],[3.101,2.387],[-0.506,0.656],[-0.655,-0.506],[-2.95,-2.709],[0.56,-0.61]],"o":[[-0.363,0],[-2.887,-2.651],[-0.656,-0.506],[0.506,-0.657],[3.169,2.44],[0.61,0.561],[-0.296,0.322]],"v":[[92.457,-99.156],[91.443,-99.551],[82.419,-107.144],[82.146,-109.248],[84.249,-109.521],[93.472,-101.761],[93.562,-99.641]]},"ix":2}},{"ty":"sh","bm":0,"hd":false,"mn":"ADBE Vector Shape - Group","nm":"Path 10","ix":10,"d":1,"ks":{"a":0,"k":{"c":true,"i":[[0.449,0],[0.273,0.21],[-0.506,0.656],[-2.71,2.947],[-0.61,-0.561],[0.561,-0.609],[2.391,-3.101]],"o":[[-0.32,0],[-0.656,-0.506],[2.443,-3.17],[0.56,-0.61],[0.61,0.561],[-2.651,2.884],[-0.296,0.384]],"v":[[-108.31,-81.871],[-109.225,-82.183],[-109.497,-84.287],[-101.731,-93.506],[-99.612,-93.595],[-99.523,-91.476],[-107.121,-82.456]]},"ix":2}},{"ty":"sh","bm":0,"hd":false,"mn":"ADBE Vector Shape - Group","nm":"Path 11","ix":11,"d":1,"ks":{"a":0,"k":{"c":true,"i":[[0.319,0],[0.296,0.385],[2.646,2.892],[-0.611,0.559],[-0.56,-0.612],[-2.435,-3.173],[0.658,-0.504]],"o":[[-0.45,0],[-2.382,-3.105],[-0.56,-0.61],[0.611,-0.56],[2.705,2.955],[0.504,0.658],[-0.272,0.209]],"v":[[108.545,-81.581],[107.354,-82.168],[99.777,-91.205],[99.87,-93.324],[101.99,-93.23],[109.735,-83.994],[109.457,-81.891]]},"ix":2}},{"ty":"sh","bm":0,"hd":false,"mn":"ADBE Vector Shape - Group","nm":"Path 12","ix":12,"d":1,"ks":{"a":0,"k":{"c":true,"i":[[0.54,0],[0.223,0.117],[-0.385,0.734],[-2.16,3.372],[-0.699,-0.446],[0.447,-0.697],[1.818,-3.47]],"o":[[-0.234,0],[-0.733,-0.384],[1.858,-3.546],[0.447,-0.698],[0.698,0.447],[-2.113,3.299],[-0.268,0.511]],"v":[[-121.163,-61.807],[-121.858,-61.979],[-122.49,-64.004],[-116.435,-74.429],[-114.363,-74.883],[-113.909,-72.811],[-119.833,-62.611]]},"ix":2}},{"ty":"sh","bm":0,"hd":false,"mn":"ADBE Vector Shape - Group","nm":"Path 13","ix":13,"d":1,"ks":{"a":0,"k":{"c":true,"i":[[0.234,0],[0.268,0.514],[2.106,3.306],[-0.7,0.446],[-0.446,-0.7],[-1.845,-3.546],[0.734,-0.382]],"o":[[-0.541,0],[-1.805,-3.47],[-0.445,-0.698],[0.698,-0.444],[2.152,3.379],[0.382,0.735],[-0.222,0.116]],"v":[[121.34,-61.491],[120.008,-62.299],[114.115,-72.51],[114.575,-74.581],[116.646,-74.121],[122.67,-63.684],[122.032,-61.661]]},"ix":2}},{"ty":"sh","bm":0,"hd":false,"mn":"ADBE Vector Shape - Group","nm":"Path 14","ix":14,"d":1,"ks":{"a":0,"k":{"c":true,"i":[[0.636,0],[0.151,0.048],[-0.25,0.79],[-1.542,3.697],[-0.765,-0.323],[0.318,-0.765],[1.185,-3.732]],"o":[[-0.15,0],[-0.789,-0.25],[1.211,-3.816],[0.318,-0.765],[0.765,0.318],[-1.508,3.617],[-0.202,0.639]],"v":[[-130.33,-39.813],[-130.784,-39.884],[-131.76,-41.767],[-127.612,-53.089],[-125.651,-53.896],[-124.843,-51.935],[-128.901,-40.86]]},"ix":2}},{"ty":"sh","bm":0,"hd":false,"mn":"ADBE Vector Shape - Group","nm":"Path 15","ix":15,"d":1,"ks":{"a":0,"k":{"c":true,"i":[[0.148,0],[0.201,0.641],[1.495,3.618],[-0.765,0.317],[-0.316,-0.764],[-1.2,-3.82],[0.79,-0.248]],"o":[[-0.639,0],[-1.172,-3.737],[-0.317,-0.765],[0.77,-0.317],[1.528,3.698],[0.248,0.79],[-0.149,0.047]],"v":[[130.434,-39.478],[129.002,-40.53],[124.983,-51.614],[125.796,-53.573],[127.756,-52.759],[131.866,-41.428],[130.883,-39.548]]},"ix":2}},{"ty":"sh","bm":0,"hd":false,"mn":"ADBE Vector Shape - Group","nm":"Path 16","ix":16,"d":1,"ks":{"a":0,"k":{"c":true,"i":[[0.74,0],[0.067,0.01],[-0.108,0.821],[-0.87,3.906],[-0.802,-0.181],[0.18,-0.808],[0.514,-3.882]],"o":[[-0.066,0],[-0.821,-0.108],[0.525,-3.969],[0.18,-0.808],[0.809,0.181],[-0.851,3.821],[-0.099,0.755]],"v":[[-135.51,-16.564],[-135.709,-16.578],[-137,-18.261],[-134.897,-30.129],[-133.107,-31.267],[-131.969,-29.477],[-134.026,-17.868]]},"ix":2}},{"ty":"sh","bm":0,"hd":false,"mn":"ADBE Vector Shape - Group","nm":"Path 17","ix":17,"d":1,"ks":{"a":0,"k":{"c":true,"i":[[0.065,0],[0.098,0.756],[0.838,3.818],[-0.808,0.178],[-0.177,-0.81],[-0.515,-3.974],[0.822,-0.106]],"o":[[-0.742,0],[-0.504,-3.889],[-0.178,-0.809],[0.8,-0.178],[0.858,3.903],[0.106,0.822],[-0.066,0.008]],"v":[[135.541,-16.216],[134.056,-17.523],[132.033,-29.137],[133.175,-30.924],[134.962,-29.781],[137.031,-17.909],[135.736,-16.228]]},"ix":2}},{"ty":"sh","bm":0,"hd":false,"mn":"ADBE Vector Shape - Group","nm":"Path 18","ix":18,"d":1,"ks":{"a":0,"k":{"c":true,"i":[[0.02,0],[0.032,0.807],[0,0],[0,1.898],[-0.091,2.048],[-0.821,-0.029],[0.037,-0.828],[0,-2.01],[-0.075,-1.857],[0,0],[0.828,-0.032]],"o":[[-0.801,0],[0,0],[-0.078,-1.912],[0,-2.054],[0.037,-0.828],[0.828,0.037],[-0.089,2.003],[0,1.858],[0,0],[0.032,0.828],[-0.02,0.001]],"v":[[-136.573,7.233],[-138.071,5.792],[-138.076,5.66],[-138.194,-0.075],[-138.057,-6.256],[-136.492,-7.688],[-135.06,-6.123],[-135.194,-0.075],[-135.08,5.523],[-135.073,5.674],[-136.513,7.232]]},"ix":2}},{"ty":"sh","bm":0,"hd":false,"mn":"ADBE Vector Shape - Group","nm":"Path 19","ix":19,"d":1,"ks":{"a":0,"k":{"c":true,"i":[[0.798,0],[0.022,0.001],[-0.038,0.827],[0,2.051],[0.077,1.857],[0,0],[-0.827,0.033],[-0.02,0],[-0.032,-0.808],[0,0],[0,-1.898],[0.096,-2.104]],"o":[[-0.022,0],[-0.828,-0.037],[0.093,-2.06],[0,-1.858],[0,0],[-0.033,-0.828],[0.021,0],[0.8,0],[0,0],[0.078,1.896],[0,2.096],[-0.036,0.804]],"v":[[136.553,7.882],[136.485,7.88],[135.054,6.315],[135.194,0.119],[135.079,-5.48],[135.068,-5.778],[136.507,-7.337],[136.568,-7.338],[138.066,-5.897],[138.077,-5.6],[138.194,0.119],[138.05,6.45]]},"ix":2}},{"ty":"sh","bm":0,"hd":false,"mn":"ADBE Vector Shape - Group","nm":"Path 20","ix":20,"d":1,"ks":{"a":0,"k":{"c":true,"i":[[0.106,0],[0.153,0.701],[0.512,3.98],[-0.822,0.105],[-0.106,-0.821],[-0.833,-3.816],[0.809,-0.178]],"o":[[-0.69,0],[-0.853,-3.9],[-0.106,-0.821],[0.82,-0.112],[0.501,3.893],[0.177,0.809],[-0.108,0.023]],"v":[[-133.531,30.858],[-134.995,29.678],[-137.051,17.803],[-135.755,16.125],[-134.076,17.42],[-132.065,29.038],[-133.21,30.824]]},"ix":2}},{"ty":"sh","bm":0,"hd":false,"mn":"ADBE Vector Shape - Group","nm":"Path 21","ix":21,"d":1,"ks":{"a":0,"k":{"c":true,"i":[[0.687,0],[0.11,0.024],[-0.181,0.808],[-0.518,3.879],[-0.82,-0.119],[0.11,-0.822],[0.874,-3.907]],"o":[[-0.109,0],[-0.809,-0.181],[0.855,-3.824],[0.11,-0.821],[0.821,0.109],[-0.528,3.965],[-0.157,0.698]],"v":[[133.402,31.491],[133.074,31.455],[131.937,29.664],[134.006,18.056],[135.691,16.768],[136.979,18.453],[134.865,30.318]]},"ix":2}},{"ty":"sh","bm":0,"hd":false,"mn":"ADBE Vector Shape - Group","nm":"Path 22","ix":22,"d":1,"ks":{"a":0,"k":{"c":true,"i":[[0.19,0],[0.239,0.579],[1.194,3.822],[-0.791,0.247],[-0.247,-0.791],[-1.491,-3.619],[0.766,-0.315]],"o":[[-0.59,0],[-1.524,-3.701],[-0.247,-0.79],[0.789,-0.249],[1.169,3.738],[0.316,0.766],[-0.187,0.077]],"v":[[-126.424,53.593],[-127.812,52.665],[-131.909,41.329],[-130.924,39.45],[-129.046,40.434],[-125.038,51.522],[-125.854,53.48]]},"ix":2}},{"ty":"sh","bm":0,"hd":false,"mn":"ADBE Vector Shape - Group","nm":"Path 23","ix":23,"d":1,"ks":{"a":0,"k":{"c":true,"i":[[0.587,0],[0.19,0.079],[-0.319,0.764],[-1.19,3.735],[-0.792,-0.251],[0.251,-0.789],[1.545,-3.692]],"o":[[-0.192,0],[-0.764,-0.32],[1.511,-3.612],[0.252,-0.788],[0.789,0.252],[-1.217,3.818],[-0.24,0.575]],"v":[[126.169,54.193],[125.591,54.077],[124.786,52.114],[128.856,41.043],[130.741,40.069],[131.715,41.954],[127.554,53.272]]},"ix":2}},{"ty":"sh","bm":0,"hd":false,"mn":"ADBE Vector Shape - Group","nm":"Path 24","ix":24,"d":1,"ks":{"a":0,"k":{"c":true,"i":[[0.275,0],[0.286,0.449],[1.841,3.551],[-0.735,0.381],[-0.382,-0.734],[-2.101,-3.306],[0.699,-0.445]],"o":[[-0.496,0],[-2.148,-3.381],[-0.382,-0.735],[0.737,-0.384],[1.801,3.473],[0.445,0.699],[-0.249,0.159]],"v":[[-115.457,74.733],[-116.725,74.038],[-122.737,63.592],[-122.097,61.571],[-120.074,62.211],[-114.193,72.428],[-114.654,74.499]]},"ix":2}},{"ty":"sh","bm":0,"hd":false,"mn":"ADBE Vector Shape - Group","nm":"Path 25","ix":25,"d":1,"ks":{"a":0,"k":{"c":true,"i":[[0.493,0],[0.251,0.161],[-0.448,0.697],[-1.821,3.467],[-0.734,-0.387],[0.385,-0.733],[2.164,-3.368]],"o":[[-0.278,0],[-0.698,-0.447],[2.117,-3.295],[0.386,-0.735],[0.734,0.386],[-1.862,3.545],[-0.286,0.446]],"v":[[115.091,75.29],[114.282,75.051],[113.83,72.979],[119.765,62.787],[121.79,62.156],[122.421,64.181],[116.354,74.6]]},"ix":2}},{"ty":"sh","bm":0,"hd":false,"mn":"ADBE Vector Shape - Group","nm":"Path 26","ix":26,"d":1,"ks":{"a":0,"k":{"c":true,"i":[[0.361,0],[0.296,0.324],[2.43,3.177],[-0.657,0.504],[-0.502,-0.658],[-2.643,-2.894],[0.611,-0.558]],"o":[[-0.407,0],[-2.702,-2.958],[-0.504,-0.657],[0.659,-0.502],[2.378,3.107],[0.559,0.612],[-0.288,0.263]],"v":[[-100.981,93.652],[-102.089,93.164],[-109.823,83.918],[-109.544,81.816],[-107.441,82.096],[-99.874,91.14],[-99.97,93.259]]},"ix":2}},{"ty":"sh","bm":0,"hd":false,"mn":"ADBE Vector Shape - Group","nm":"Path 27","ix":27,"d":1,"ks":{"a":0,"k":{"c":true,"i":[[0.404,0],[0.288,0.265],[-0.56,0.61],[-2.396,3.101],[-0.656,-0.507],[0.505,-0.656],[2.711,-2.943]],"o":[[-0.365,0],[-0.609,-0.562],[2.654,-2.877],[0.507,-0.657],[0.655,0.507],[-2.45,3.17],[-0.296,0.32]],"v":[[100.527,94.145],[99.51,93.749],[99.423,91.628],[107.032,82.617],[109.136,82.346],[109.407,84.451],[101.63,93.662]]},"ix":2}},{"ty":"sh","bm":0,"hd":false,"mn":"ADBE Vector Shape - Group","nm":"Path 28","ix":28,"d":1,"ks":{"a":0,"k":{"c":true,"i":[[0.449,0],[0.273,0.211],[2.948,2.713],[-0.561,0.609],[-0.611,-0.562],[-3.098,-2.39],[0.506,-0.656]],"o":[[-0.32,0],[-3.167,-2.443],[-0.609,-0.561],[0.56,-0.61],[2.883,2.654],[0.656,0.506],[-0.296,0.383]],"v":[[-83.453,109.786],[-84.368,109.473],[-93.584,101.702],[-93.671,99.583],[-91.551,99.495],[-82.536,107.098],[-82.264,109.202]]},"ix":2}},{"ty":"sh","bm":0,"hd":false,"mn":"ADBE Vector Shape - Group","nm":"Path 29","ix":29,"d":1,"ks":{"a":0,"k":{"c":true,"i":[[0.317,0],[0.295,0.386],[-0.658,0.503],[-2.901,2.646],[-0.559,-0.612],[0.613,-0.559],[3.173,-2.424]],"o":[[-0.451,0],[-0.504,-0.658],[3.104,-2.372],[0.611,-0.555],[0.558,0.613],[-2.965,2.704],[-0.272,0.208]],"v":[[82.927,110.201],[81.735,109.612],[82.015,107.509],[91.065,99.947],[93.184,100.044],[93.086,102.164],[83.837,109.892]]},"ix":2}},{"ty":"sh","bm":0,"hd":false,"mn":"ADBE Vector Shape - Group","nm":"Path 30","ix":30,"d":1,"ks":{"a":0,"k":{"c":true,"i":[[0.54,0],[0.222,0.117],[3.372,2.163],[-0.447,0.698],[-0.698,-0.448],[-3.466,-1.819],[0.385,-0.733]],"o":[[-0.235,0],[-3.544,-1.858],[-0.698,-0.448],[0.448,-0.698],[3.299,2.116],[0.734,0.385],[-0.269,0.512]],"v":[[-63.397,122.649],[-64.092,122.477],[-74.514,116.417],[-74.967,114.344],[-72.894,113.891],[-62.699,119.821],[-62.067,121.845]]},"ix":2}},{"ty":"sh","bm":0,"hd":false,"mn":"ADBE Vector Shape - Group","nm":"Path 31","ix":31,"d":1,"ks":{"a":0,"k":{"c":true,"i":[[0.232,0],[0.266,0.515],[-0.735,0.381],[-3.308,2.1],[-0.445,-0.7],[0.7,-0.445],[3.551,-1.839]],"o":[[-0.542,0],[-0.381,-0.736],[3.475,-1.799],[0.697,-0.444],[0.444,0.7],[-3.38,2.145],[-0.22,0.115]],"v":[[62.816,122.962],[61.483,122.153],[62.124,120.13],[72.345,114.254],[74.415,114.717],[73.952,116.788],[63.505,122.794]]},"ix":2}},{"ty":"sh","bm":0,"hd":false,"mn":"ADBE Vector Shape - Group","nm":"Path 32","ix":32,"d":1,"ks":{"a":0,"k":{"c":true,"i":[[0.636,0],[0.151,0.048],[3.697,1.545],[-0.32,0.765],[-0.764,-0.319],[-3.731,-1.186],[0.251,-0.789]],"o":[[-0.15,0],[-3.813,-1.212],[-0.765,-0.319],[0.319,-0.765],[3.617,1.511],[0.789,0.251],[-0.203,0.638]],"v":[[-41.406,131.83],[-41.861,131.759],[-53.181,127.605],[-53.987,125.643],[-52.025,124.837],[-40.952,128.9],[-39.977,130.784]]},"ix":2}},{"ty":"sh","bm":0,"hd":false,"mn":"ADBE Vector Shape - Group","nm":"Path 33","ix":33,"d":1,"ks":{"a":0,"k":{"c":true,"i":[[0.148,0],[0.199,0.643],[-0.791,0.246],[-3.627,1.493],[-0.314,-0.767],[0.766,-0.316],[3.815,-1.189]],"o":[[-0.639,0],[-0.247,-0.791],[3.732,-1.163],[0.769,-0.314],[0.314,0.765],[-3.708,1.524],[-0.149,0.047]],"v":[[40.789,132.021],[39.358,130.967],[40.343,129.089],[51.433,125.088],[53.391,125.906],[52.574,127.864],[41.236,131.953]]},"ix":2}},{"ty":"sh","bm":0,"hd":false,"mn":"ADBE Vector Shape - Group","nm":"Path 34","ix":34,"d":1,"ks":{"a":0,"k":{"c":true,"i":[[0.74,0],[0.067,0.009],[3.912,0.873],[-0.18,0.807],[-0.804,-0.178],[-3.875,-0.514],[0.109,-0.821]],"o":[[-0.066,0],[-3.961,-0.526],[-0.809,-0.181],[0.181,-0.81],[3.827,0.854],[0.821,0.109],[-0.1,0.754]],"v":[[-18.157,137.024],[-18.357,137.011],[-30.223,134.903],[-31.361,133.113],[-29.57,131.975],[-17.962,134.037],[-16.673,135.721]]},"ix":2}},{"ty":"sh","bm":0,"hd":false,"mn":"ADBE Vector Shape - Group","nm":"Path 35","ix":35,"d":1,"ks":{"a":0,"k":{"c":true,"i":[[0.063,0],[0.096,0.757],[-0.822,0.105],[-3.827,0.834],[-0.177,-0.81],[0.81,-0.177],[3.969,-0.508]],"o":[[-0.744,0],[-0.105,-0.823],[3.882,-0.496],[0.809,-0.179],[0.176,0.809],[-3.912,0.852],[-0.064,0.007]],"v":[[17.515,137.094],[16.029,135.785],[17.327,134.106],[28.945,132.102],[30.73,133.249],[29.583,135.034],[17.707,137.083]]},"ix":2}},{"ty":"sh","bm":0,"hd":false,"mn":"ADBE Vector Shape - Group","nm":"Path 36","ix":36,"d":1,"ks":{"a":0,"k":{"c":true,"i":[[1.898,0],[2.079,0.093],[-0.037,0.828],[-0.842,-0.079],[-3.883,0.16],[0,0],[0,0],[0.019,0]],"o":[[-2.072,0],[-0.827,-0.036],[0.037,-0.827],[3.901,0.174],[0,0],[0,0],[-0.02,0.001],[-1.837,0.076]],"v":[[-0.097,138.215],[-6.353,138.075],[-7.784,136.509],[-6.219,135.079],[5.501,135.101],[5.637,136.598],[5.697,138.097],[5.563,138.1]]},"ix":2}},{"ty":"mm","bm":0,"hd":false,"mn":"ADBE Vector Filter - Merge","nm":"Merge Paths 1","mm":1},{"ty":"fl","bm":0,"hd":false,"mn":"ADBE Vector Graphic - Fill","nm":"Fill 1","c":{"a":0,"k":[0.5608,0.6078,0.702],"ix":4},"r":1,"o":{"a":0,"k":100,"ix":5}},{"ty":"tr","a":{"a":0,"k":[0,0],"ix":1},"s":{"a":0,"k":[100,100],"ix":3},"sk":{"a":0,"k":0,"ix":4},"p":{"a":0,"k":[250,249.978],"ix":2},"r":{"a":0,"k":0,"ix":6},"sa":{"a":0,"k":0,"ix":5},"o":{"a":0,"k":100,"ix":7}}]},{"ty":"gr","bm":0,"hd":false,"mn":"ADBE Vector Group","nm":"Group 2","ix":2,"cix":2,"np":2,"it":[{"ty":"sh","bm":0,"hd":false,"mn":"ADBE Vector Shape - Group","nm":"Path 1","ix":1,"d":1,"ks":{"a":0,"k":{"c":true,"i":[[0,-90.4],[90.4,0],[0,0],[0,60.72],[60.719,0],[0,0]],"o":[[0,90.4],[0,0],[60.719,0],[0,-60.72],[0,0],[90.4,0]],"v":[[81.845,0],[-81.845,163.69],[-81.845,109.94],[28.095,0],[-81.845,-109.94],[-81.845,-163.69]]},"ix":2}},{"ty":"fl","bm":0,"hd":false,"mn":"ADBE Vector Graphic - Fill","nm":"Fill 1","c":{"a":0,"k":[0.2275,0.298,0.6275],"ix":4},"r":1,"o":{"a":0,"k":100,"ix":5}},{"ty":"tr","a":{"a":0,"k":[0,0],"ix":1},"s":{"a":0,"k":[100,100],"ix":3},"sk":{"a":0,"k":0,"ix":4},"p":{"a":0,"k":[331.845,250],"ix":2},"r":{"a":0,"k":0,"ix":6},"sa":{"a":0,"k":0,"ix":5},"o":{"a":0,"k":100,"ix":7}}]},{"ty":"gr","bm":0,"hd":false,"mn":"ADBE Vector Group","nm":"Group 3","ix":3,"cix":2,"np":2,"it":[{"ty":"sh","bm":0,"hd":false,"mn":"ADBE Vector Shape - Group","nm":"Path 1","ix":1,"d":1,"ks":{"a":0,"k":{"c":true,"i":[[0,-60.72],[60.719,0],[0,60.72],[-60.72,0]],"o":[[0,60.72],[-60.72,0],[0,-60.72],[60.719,0]],"v":[[109.94,0],[0,109.94],[-109.94,0],[0,-109.94]]},"ix":2}},{"ty":"fl","bm":0,"hd":false,"mn":"ADBE Vector Graphic - Fill","nm":"Fill 1","c":{"a":0,"k":[0.9725,0.9765,0.9804],"ix":4},"r":1,"o":{"a":0,"k":100,"ix":5}},{"ty":"tr","a":{"a":0,"k":[0,0],"ix":1},"s":{"a":0,"k":[100,100],"ix":3},"sk":{"a":0,"k":0,"ix":4},"p":{"a":0,"k":[250,250],"ix":2},"r":{"a":0,"k":0,"ix":6},"sa":{"a":0,"k":0,"ix":5},"o":{"a":0,"k":100,"ix":7}}]},{"ty":"gr","bm":0,"hd":false,"mn":"ADBE Vector Group","nm":"Group 4","ix":4,"cix":2,"np":2,"it":[{"ty":"sh","bm":0,"hd":false,"mn":"ADBE Vector Shape - Group","nm":"Path 1","ix":1,"d":1,"ks":{"a":0,"k":{"c":true,"i":[[0,-60.72],[-60.72,0],[0,0],[0,90.4],[-90.4,0],[0,0]],"o":[[0,60.72],[0,0],[-90.4,0],[0,-90.4],[0,0],[-60.72,0]],"v":[[-28.095,0],[81.845,109.94],[81.845,163.69],[-81.845,0],[81.845,-163.69],[81.845,-109.94]]},"ix":2}},{"ty":"fl","bm":0,"hd":false,"mn":"ADBE Vector Graphic - Fill","nm":"Fill 1","c":{"a":0,"k":[1,1,1],"ix":4},"r":1,"o":{"a":0,"k":100,"ix":5}},{"ty":"tr","a":{"a":0,"k":[0,0],"ix":1},"s":{"a":0,"k":[100,100],"ix":3},"sk":{"a":0,"k":0,"ix":4},"p":{"a":0,"k":[168.155,250],"ix":2},"r":{"a":0,"k":0,"ix":6},"sa":{"a":0,"k":0,"ix":5},"o":{"a":0,"k":100,"ix":7}}]}],"ind":2}],"v":"5.5.7","fr":60,"op":113,"ip":0,"assets":[]}