{"nm":"signal_search","ddd":0,"h":700,"w":573,"meta":{"a":"Jacob Benowitz","d":"Signal searching","g":"LottieFiles AE 1.0.0"},"layers":[{"ty":4,"nm":"ring_4","sr":1,"st":0,"op":80,"ip":0,"hd":false,"ddd":0,"bm":0,"hasMask":false,"ao":0,"ks":{"a":{"a":0,"k":[0,0,0],"ix":1},"s":{"a":0,"k":[100,100,100],"ix":6},"sk":{"a":0,"k":0},"p":{"a":0,"k":[286.039,243.7,0],"ix":2},"r":{"a":0,"k":0,"ix":10},"sa":{"a":0,"k":0},"o":{"a":1,"k":[{"o":{"x":0.167,"y":0},"i":{"x":0.667,"y":1},"s":[15],"t":0},{"o":{"x":0.333,"y":0},"i":{"x":0.667,"y":1},"s":[15],"t":16},{"o":{"x":0.333,"y":0},"i":{"x":0.667,"y":1},"s":[80],"t":31},{"o":{"x":0.333,"y":0},"i":{"x":0.833,"y":1},"s":[15],"t":46},{"s":[15],"t":79}],"ix":11}},"ef":[],"shapes":[{"ty":"gr","bm":0,"hd":false,"mn":"ADBE Vector Group","nm":"Ellipse 1","ix":1,"cix":2,"np":3,"it":[{"ty":"el","bm":0,"hd":false,"mn":"ADBE Vector Shape - Ellipse","nm":"Ellipse Path 1","d":1,"p":{"a":0,"k":[0,-2],"ix":3},"s":{"a":0,"k":[152.328,152.328],"ix":2}},{"ty":"tm","bm":0,"hd":false,"mn":"ADBE Vector Filter - Trim","nm":"Trim Paths 1","ix":2,"e":{"a":0,"k":100,"ix":2},"o":{"a":0,"k":45,"ix":3},"s":{"a":0,"k":75,"ix":1},"m":1},{"ty":"st","bm":0,"hd":false,"mn":"ADBE Vector Graphic - Stroke","nm":"Stroke 1","lc":1,"lj":1,"ml":4,"o":{"a":0,"k":100,"ix":4},"w":{"a":0,"k":11,"ix":5},"c":{"a":0,"k":[0.302,0.1882,0.8784],"ix":3}},{"ty":"tr","a":{"a":0,"k":[0,0],"ix":1},"s":{"a":0,"k":[178.678,178.678],"ix":3},"sk":{"a":0,"k":0,"ix":4},"p":{"a":0,"k":[-0.039,102.754],"ix":2},"r":{"a":0,"k":0,"ix":6},"sa":{"a":0,"k":0,"ix":5},"o":{"a":0,"k":100,"ix":7}}]}],"ind":1},{"ty":4,"nm":"ring_3","sr":1,"st":0,"op":80,"ip":0,"hd":false,"ddd":0,"bm":0,"hasMask":false,"ao":0,"ks":{"a":{"a":0,"k":[0,0,0],"ix":1},"s":{"a":0,"k":[100,100,100],"ix":6},"sk":{"a":0,"k":0},"p":{"a":0,"k":[286.039,243.7,0],"ix":2},"r":{"a":0,"k":0,"ix":10},"sa":{"a":0,"k":0},"o":{"a":1,"k":[{"o":{"x":0.167,"y":0},"i":{"x":0.667,"y":1},"s":[15],"t":0},{"o":{"x":0.333,"y":0},"i":{"x":0.667,"y":1},"s":[15],"t":23},{"o":{"x":0.333,"y":0},"i":{"x":0.667,"y":1},"s":[80],"t":38},{"o":{"x":0.333,"y":0},"i":{"x":0.833,"y":1},"s":[15],"t":53},{"s":[15],"t":79}],"ix":11}},"ef":[],"shapes":[{"ty":"gr","bm":0,"hd":false,"mn":"ADBE Vector Group","nm":"Ellipse 1","ix":1,"cix":2,"np":3,"it":[{"ty":"el","bm":0,"hd":false,"mn":"ADBE Vector Shape - Ellipse","nm":"Ellipse Path 1","d":1,"p":{"a":0,"k":[0,-2],"ix":3},"s":{"a":0,"k":[197.328,197.328],"ix":2}},{"ty":"tm","bm":0,"hd":false,"mn":"ADBE Vector Filter - Trim","nm":"Trim Paths 1","ix":2,"e":{"a":0,"k":100,"ix":2},"o":{"a":0,"k":45,"ix":3},"s":{"a":0,"k":75,"ix":1},"m":1},{"ty":"st","bm":0,"hd":false,"mn":"ADBE Vector Graphic - Stroke","nm":"Stroke 1","lc":1,"lj":1,"ml":4,"o":{"a":0,"k":100,"ix":4},"w":{"a":0,"k":11,"ix":5},"c":{"a":0,"k":[0.302,0.1882,0.8784],"ix":3}},{"ty":"tr","a":{"a":0,"k":[0,0],"ix":1},"s":{"a":0,"k":[178.678,178.678],"ix":3},"sk":{"a":0,"k":0,"ix":4},"p":{"a":0,"k":[-0.039,102.754],"ix":2},"r":{"a":0,"k":0,"ix":6},"sa":{"a":0,"k":0,"ix":5},"o":{"a":0,"k":100,"ix":7}}]}],"ind":2},{"ty":4,"nm":"ring_2","sr":1,"st":0,"op":80,"ip":0,"hd":false,"ddd":0,"bm":0,"hasMask":false,"ao":0,"ks":{"a":{"a":0,"k":[0,0,0],"ix":1},"s":{"a":0,"k":[100,100,100],"ix":6},"sk":{"a":0,"k":0},"p":{"a":0,"k":[286.039,243.7,0],"ix":2},"r":{"a":0,"k":0,"ix":10},"sa":{"a":0,"k":0},"o":{"a":1,"k":[{"o":{"x":0.167,"y":0},"i":{"x":0.667,"y":1},"s":[15],"t":0},{"o":{"x":0.333,"y":0},"i":{"x":0.667,"y":1},"s":[15],"t":30},{"o":{"x":0.333,"y":0},"i":{"x":0.667,"y":1},"s":[80],"t":45},{"o":{"x":0.333,"y":0},"i":{"x":0.833,"y":1},"s":[15],"t":60},{"s":[15],"t":79}],"ix":11}},"ef":[],"shapes":[{"ty":"gr","bm":0,"hd":false,"mn":"ADBE Vector Group","nm":"Ellipse 1","ix":1,"cix":2,"np":3,"it":[{"ty":"el","bm":0,"hd":false,"mn":"ADBE Vector Shape - Ellipse","nm":"Ellipse Path 1","d":1,"p":{"a":0,"k":[0,-2],"ix":3},"s":{"a":0,"k":[242.328,242.328],"ix":2}},{"ty":"tm","bm":0,"hd":false,"mn":"ADBE Vector Filter - Trim","nm":"Trim Paths 1","ix":2,"e":{"a":0,"k":100,"ix":2},"o":{"a":0,"k":45,"ix":3},"s":{"a":0,"k":75,"ix":1},"m":1},{"ty":"st","bm":0,"hd":false,"mn":"ADBE Vector Graphic - Stroke","nm":"Stroke 1","lc":1,"lj":1,"ml":4,"o":{"a":0,"k":100,"ix":4},"w":{"a":0,"k":11,"ix":5},"c":{"a":0,"k":[0.3059,0.1451,0.9098],"ix":3}},{"ty":"tr","a":{"a":0,"k":[0,0],"ix":1},"s":{"a":0,"k":[178.678,178.678],"ix":3},"sk":{"a":0,"k":0,"ix":4},"p":{"a":0,"k":[-0.039,102.754],"ix":2},"r":{"a":0,"k":0,"ix":6},"sa":{"a":0,"k":0,"ix":5},"o":{"a":0,"k":100,"ix":7}}]}],"ind":3},{"ty":4,"nm":"ring_1","sr":1,"st":0,"op":80,"ip":0,"hd":false,"ddd":0,"bm":0,"hasMask":false,"ao":0,"ks":{"a":{"a":0,"k":[0,0,0],"ix":1},"s":{"a":0,"k":[100,100,100],"ix":6},"sk":{"a":0,"k":0},"p":{"a":0,"k":[286.039,243.7,0],"ix":2},"r":{"a":0,"k":0,"ix":10},"sa":{"a":0,"k":0},"o":{"a":1,"k":[{"o":{"x":0.167,"y":0},"i":{"x":0.667,"y":1},"s":[15],"t":0},{"o":{"x":0.333,"y":0},"i":{"x":0.667,"y":1},"s":[15],"t":37},{"o":{"x":0.333,"y":0},"i":{"x":0.667,"y":1},"s":[80],"t":52},{"o":{"x":0.333,"y":0},"i":{"x":0.833,"y":1},"s":[15],"t":67},{"s":[15],"t":79}],"ix":11}},"ef":[],"shapes":[{"ty":"gr","bm":0,"hd":false,"mn":"ADBE Vector Group","nm":"Ellipse 1","ix":1,"cix":2,"np":3,"it":[{"ty":"el","bm":0,"hd":false,"mn":"ADBE Vector Shape - Ellipse","nm":"Ellipse Path 1","d":1,"p":{"a":0,"k":[0,0],"ix":3},"s":{"a":0,"k":[289.328,289.328],"ix":2}},{"ty":"tm","bm":0,"hd":false,"mn":"ADBE Vector Filter - Trim","nm":"Trim Paths 1","ix":2,"e":{"a":0,"k":100,"ix":2},"o":{"a":0,"k":45,"ix":3},"s":{"a":0,"k":75,"ix":1},"m":1},{"ty":"st","bm":0,"hd":false,"mn":"ADBE Vector Graphic - Stroke","nm":"Stroke 1","lc":1,"lj":1,"ml":4,"o":{"a":0,"k":100,"ix":4},"w":{"a":0,"k":11,"ix":5},"c":{"a":0,"k":[0.3137,0.1216,0.9412],"ix":3}},{"ty":"tr","a":{"a":0,"k":[0,0],"ix":1},"s":{"a":0,"k":[178.678,178.678],"ix":3},"sk":{"a":0,"k":0,"ix":4},"p":{"a":0,"k":[-0.039,102.754],"ix":2},"r":{"a":0,"k":0,"ix":6},"sa":{"a":0,"k":0,"ix":5},"o":{"a":0,"k":100,"ix":7}}]}],"ind":4}],"v":"4.8.0","fr":60,"op":80,"ip":0,"assets":[]}